Time elapsed,GPU load,Memory used,CPU user load
0.09,0.0,1463956,4.92
1.1,0.0,1468932,4.33
2.1,22.1,1470276,4.9
3.1,0.0,1473536,2.92
4.1,0.0,1497788,4.95
5.19,25.3,1520860,12.88
6.11,0.0,1547868,5.12
7.09,0.0,1572348,18.12
8.11,15.4,1593328,5.29
9.11,0.0,1619808,20.6
10.1,0.0,1640588,5.44
11.1,0.0,1668200,22.57
12.1,0.0,1693996,5.59
13.1,0.0,1722084,22.1
14.11,0.0,1754136,5.66
15.1,0.0,1787772,21.44
16.11,0.0,1817768,5.73
17.11,0.0,1848504,20.88
18.1,0.0,1881364,5.79
19.14,0.0,2900900,19.13
20.1,0.0,3537024,5.9
21.1,76.2,3549488,18.96
22.1,59.3,3557044,5.96
23.11,10.6,3771308,19.08
24.1,0.0,3772988,6.01
25.1,21.0,3783108,18.87
26.11,44.6,3793080,6.08
27.12,0.0,3800636,18.3
28.12,0.0,3802812,6.1
29.11,51.9,3802380,17.63
30.11,0.0,3804796,6.17
31.12,0.0,3808148,17.55
32.11,0.0,3816172,6.24
33.11,0.0,3817120,17.44
34.12,50.7,3820896,6.29
35.12,28.1,3824608,17.28
36.12,16.5,3825980,6.34
37.11,0.0,3827776,17.21
38.13,0.0,3830364,6.4
39.12,0.0,3833852,17.19
40.12,0.0,3834376,6.46
41.12,0.0,3835360,17.17
42.12,0.0,3836508,6.51
43.12,0.0,3838448,17.13
44.13,0.0,3839168,6.57
45.13,0.0,3843024,17.08
46.12,22.2,3843640,6.64
47.14,6.0,3845744,17.03
48.13,0.0,3847428,6.69
49.14,5.8,3848436,16.97
50.13,0.0,3850544,6.76
51.13,5.8,3852884,17.11
52.13,9.9,3854988,6.83
53.13,27.5,3858428,17.05
54.13,30.7,3860628,6.88
55.15,0.0,3860660,16.88
56.15,0.0,3861412,6.94
57.15,0.0,3865072,16.89
58.14,0.0,3867668,7.0
59.14,38.5,3868700,16.97
60.15,0.8,3871672,7.07
61.15,0.0,3872088,16.92
62.15,5.6,3871828,7.11
63.15,27.6,3872960,17.05
64.15,0.0,3875564,7.15
65.15,0.0,3877476,17.03
66.15,0.0,3880788,7.2
67.15,3.4,3882192,17.03
68.15,0.0,3882848,7.25
69.15,5.9,3883468,16.99
70.15,26.1,3884972,7.29
71.17,0.0,3884272,16.87
72.17,0.0,3886316,7.3
73.16,8.0,3887496,16.62
74.17,7.9,3888260,7.31
75.18,25.8,3888756,16.49
76.16,0.0,3889800,7.36
77.17,0.0,3894536,16.61
78.16,25.1,3897536,7.4
79.16,0.0,3899160,16.6
80.16,3.1,3901156,7.44
81.16,0.0,3902972,16.61
82.17,0.0,3905128,7.49
83.17,6.9,3913788,16.67
84.18,0.0,3917376,7.56
85.18,0.0,3918896,16.78
86.17,35.2,3919824,7.64
87.18,0.0,3921184,16.88
88.17,29.8,3924296,7.71
89.17,0.0,3924668,16.94
90.17,0.0,3928164,7.76
91.17,30.8,3928304,17.05
92.17,0.0,3929416,7.81
93.18,0.0,3931996,17.15
94.19,35.6,3932456,7.87
95.18,0.0,3933396,17.24
96.18,0.0,3934388,7.94
97.18,12.5,3935328,17.33
98.18,0.0,3936252,8.0
99.18,0.0,3937564,17.39
100.18,0.0,3940284,8.05
101.19,16.6,3940212,17.39
102.19,0.0,3940424,8.09
103.2,0.0,3942020,17.38
104.19,10.9,3943360,8.13
105.19,11.7,3942592,17.33
106.2,0.0,3944476,8.18
107.19,0.0,3945988,17.37
108.19,0.0,3947348,8.23
109.19,43.5,3947696,17.31
110.19,3.7,3951412,8.26
111.21,0.0,3953276,17.3
112.19,0.0,3954992,8.3
113.19,0.0,3956348,17.32
114.2,0.0,3956912,8.35
115.19,32.8,3956876,17.29
116.2,22.4,3958024,8.38
117.2,0.0,3960148,17.27
118.21,0.0,3962620,8.42
119.2,0.0,3962948,17.26
120.2,0.0,3964152,8.44
121.21,8.0,3964832,17.28
122.2,8.5,3968860,8.49
123.2,15.8,3969536,17.31
124.2,13.5,3972856,8.54
125.2,41.3,3973968,17.32
126.22,11.0,3975428,8.59
127.21,0.0,3976932,17.38
128.21,0.0,3978528,8.64
129.22,0.0,3979392,17.37
130.22,0.0,3982240,8.67
131.22,0.0,3984092,17.41
132.22,0.0,3987168,8.71
133.21,0.0,3990528,17.41
134.21,0.0,3993488,8.76
135.23,0.0,3994848,17.46
136.22,0.0,3997988,8.82
137.22,0.0,4000152,17.54
138.22,0.0,4001484,8.86
139.22,0.0,4002536,17.54
140.23,0.0,4002376,8.91
141.23,0.0,4006496,17.56
142.23,0.0,4008792,8.97
143.23,0.0,4009924,17.58
144.22,0.0,4011656,9.02
145.23,20.6,4012852,17.64
146.22,28.2,4033368,9.09
147.23,0.0,4046148,17.71
148.23,0.0,4019164,9.13
149.24,0.0,4019424,17.76
150.25,5.7,4020436,9.12
151.23,13.4,4020520,17.72
152.23,0.9,4021032,9.14
153.23,0.0,4020372,17.58
154.23,0.0,4020668,9.14
155.23,5.9,4023232,17.45
156.23,35.2,4021180,9.13
157.24,3.8,4021932,17.42
158.25,0.0,4021652,9.12
159.24,0.0,4021388,17.3
160.24,0.0,4023352,9.12
161.24,15.8,4023660,17.25
162.25,19.2,4023932,9.15
163.24,0.0,4024492,17.28
164.24,61.3,4025512,9.21
165.24,22.0,4029592,17.29
166.24,6.5,4029436,9.25
167.24,45.1,4028896,17.29
168.24,7.0,4029848,9.27
169.25,0.0,4030572,17.25
170.25,0.0,4031100,9.29
171.26,0.0,4033020,17.22
172.26,38.2,4032432,9.32
173.25,54.0,4034036,17.28
174.25,14.8,4034140,9.37
175.25,0.0,4036700,17.3
176.27,57.7,4037732,9.39
177.27,99.0,4039524,17.3
178.27,30.5,4040276,9.41
179.27,0.0,4039692,17.26
180.26,0.0,4040988,9.44
181.26,4.4,4043184,17.3
182.26,71.5,4046816,9.49
183.26,44.5,4049336,17.28
184.27,12.3,4051472,9.52
185.27,29.8,4051648,17.26
186.28,81.8,4056352,9.54
187.26,63.3,4057392,17.32
188.28,23.6,4059900,9.58
189.28,59.4,4060664,17.27
190.28,51.7,4060360,9.59
191.28,60.7,4060844,17.24
192.28,15.4,4062356,9.62
193.27,35.2,4066492,17.29
194.28,55.5,4068976,9.66
195.27,54.1,4072268,17.28
196.28,0.0,4076984,9.68
197.29,4.3,4076924,17.29
198.29,0.0,4080588,9.72
199.29,0.0,4084248,17.33
200.28,0.0,4087156,9.77
201.27,43.8,4089684,17.39
202.28,0.0,4091896,9.82
203.28,31.5,4093744,17.45
204.28,0.0,4094288,9.86
205.28,0.0,4096400,17.49
206.28,5.9,4097312,9.91
207.29,0.0,4097936,17.48
208.29,10.8,4098992,9.93
209.29,0.0,4100252,17.49
210.29,0.0,4101764,9.98
211.29,0.0,4103524,17.51
212.29,0.0,4104668,10.0
213.29,33.4,4106440,17.51
214.29,0.0,4107820,10.03
215.29,46.7,4108956,17.51
216.29,0.0,4110792,10.06
217.29,0.0,4111568,17.5
218.29,45.4,4112524,10.08
219.29,0.0,4113208,17.49
220.3,0.0,4114480,10.1
221.3,18.6,4115024,17.48
222.31,14.7,4116324,10.11
223.31,33.1,4117832,17.47
224.3,0.0,4119300,10.14
225.3,5.9,4121360,17.47
226.3,26.8,4123068,10.16
227.3,66.6,4124132,17.45
228.31,64.2,4126812,10.19
229.32,56.7,4128876,17.48
230.32,14.9,4130656,10.23
231.31,56.2,4135432,17.51
232.31,30.7,4137940,10.28
233.31,0.0,4140664,17.56
234.31,56.5,4142744,10.32
235.31,47.6,4144816,17.61
236.31,51.3,4149236,10.37
237.31,88.1,4153268,17.66
238.31,0.0,4155568,10.41
239.31,0.0,4157028,17.71
240.32,0.0,4156916,10.44
241.32,0.0,4158568,17.69
242.33,0.0,4158900,10.46
243.32,29.9,4159324,17.69
244.33,62.1,4161096,10.49
245.31,96.7,4164832,17.7
246.31,98.8,4166280,10.54
247.32,68.8,4167432,17.7
248.32,9.7,4168868,10.56
249.32,0.0,4169712,17.71
250.32,0.0,4170684,10.58
251.32,7.4,4171580,17.71
252.33,0.0,4172988,10.59
253.33,0.0,4174348,17.71
254.32,61.0,4175336,10.61
255.33,63.1,4178484,17.7
256.33,68.9,4179020,10.63
257.33,67.2,4178404,17.72
258.33,0.0,4181156,10.67
259.33,0.0,4184388,17.73
260.34,0.0,4184744,10.71
261.33,0.0,4185556,17.75
262.33,0.0,4188548,10.74
263.34,0.0,4190464,17.75
264.35,0.0,4191556,10.77
265.33,0.0,4192188,17.74
266.34,0.0,4194140,10.79
267.34,0.0,4194040,17.74
268.34,18.6,4195448,10.8
269.34,32.2,4195148,17.72
270.34,0.0,4196812,10.84
271.34,0.0,4202100,17.76
272.36,0.0,4203732,10.86
273.35,0.0,4204956,17.75
274.35,0.0,4206232,10.88
275.35,0.0,4206336,17.75
276.35,0.0,4208796,10.91
277.35,5.5,4208836,17.7
278.35,7.3,4210540,10.92
279.36,50.5,4211600,17.68
280.37,29.3,4212816,10.94
281.35,10.3,4214336,17.7
282.35,0.0,4216500,10.97
283.36,0.0,4217988,17.71
284.36,0.0,4221476,10.99
285.37,0.0,4224524,17.72
286.36,0.0,4225712,11.02
287.36,7.3,4229160,17.74
288.36,3.5,4230852,11.05
289.36,0.0,4233020,17.76
290.37,0.0,4235980,11.08
291.37,0.0,4237304,17.77
292.36,49.9,4238992,11.11
293.36,0.0,4232808,17.77
294.39,0.0,4238060,11.13
295.37,0.0,4240736,17.77
296.36,36.4,4242648,11.14
297.38,0.0,4242684,17.76
298.37,0.0,4245724,11.15
299.37,20.2,4248248,17.79
300.37,0.0,4250500,11.18
301.37,0.0,4251832,17.8
302.37,26.8,4252384,11.21
303.38,0.0,4252456,17.81
304.38,0.0,4253936,11.25
305.37,25.5,4255648,17.83
306.39,35.9,4258624,11.27
307.38,0.0,4259288,17.82
308.37,0.0,4260776,11.29
309.38,3.7,4261852,17.84
310.38,0.0,4262556,11.32
311.39,14.0,4264576,17.85
312.39,0.0,4267820,11.35
313.4,0.0,4269416,17.88
314.4,11.1,4269992,11.38
315.39,0.0,4271928,17.87
316.38,44.1,4271720,11.39
317.39,97.1,4273064,17.85
318.39,54.7,4273972,11.4
319.39,13.6,4273396,17.82
320.39,56.5,4275104,11.41
321.4,16.9,4276560,17.8
322.4,36.2,4276248,11.42
323.4,19.3,4277212,17.77
324.41,5.8,4277952,11.43
325.41,0.0,4279468,17.78
326.4,9.9,4280772,11.45
327.4,0.0,4283088,17.78
328.4,23.2,4282704,11.48
329.4,3.6,4284756,17.8
330.41,0.0,4285584,11.5
331.42,0.0,4288276,17.8
332.41,18.6,4291588,11.52
333.41,29.1,4293840,17.82
334.4,60.2,4296100,11.56
335.42,34.8,4299720,17.84
336.4,22.3,4303060,11.59
337.41,10.1,4306216,17.87
338.41,17.3,4308796,11.63
339.42,0.0,4310552,17.85
340.42,0.0,4311068,11.65
341.42,0.0,4311412,17.85
342.42,48.3,4312848,11.68
343.42,5.5,4314404,17.85
344.42,0.0,4314444,11.7
345.42,24.4,4314568,17.85
346.43,6.1,4315660,11.73
347.42,46.3,4318560,17.87
348.41,14.4,4319056,11.75
349.42,34.9,4319876,17.89
350.42,76.1,4322408,11.78
351.42,16.8,4321288,17.88
352.42,4.0,4322872,11.79
353.42,0.0,4322892,17.87
354.43,0.0,4324180,11.83
355.43,36.7,4325996,17.88
356.43,0.0,4329044,11.85
357.43,0.0,4332324,17.89
358.43,0.0,4335912,11.88
359.43,33.3,4336128,17.9
360.43,0.0,4338148,11.91
361.44,0.0,4339164,17.89
362.43,0.0,4341748,11.92
363.44,0.0,4344572,17.92
364.44,32.7,4346228,11.96
365.44,16.1,4348312,17.94
366.45,0.0,4351660,11.99
367.44,0.0,4355152,17.97
368.44,0.0,4357208,12.03
369.44,0.0,4359488,18.0
370.44,45.8,4361040,12.06
371.44,5.8,4362564,18.03
372.44,0.0,4363060,12.09
373.45,0.0,4363796,18.05
374.45,0.0,4364220,12.12
375.44,12.5,4365912,18.06
376.44,0.0,4368184,12.14
377.45,0.0,4368784,18.07
378.45,0.0,4368168,12.15
379.46,20.3,4367772,18.07
380.46,5.8,4369032,12.17
381.47,0.0,4370276,18.05
382.45,0.0,4371684,12.18
383.45,45.3,4372848,18.04
384.46,19.8,4373316,12.2
385.46,0.0,4376212,18.06
386.46,0.0,4376828,12.22
387.46,0.0,4376988,18.08
388.46,0.0,4379796,12.24
389.46,15.7,4379704,18.07
390.46,0.0,4380332,12.25
391.47,0.0,4382796,18.06
392.46,0.0,4384028,12.25
393.46,0.0,4384264,18.04
394.48,0.0,4384936,12.26
395.48,6.0,4386420,18.03
396.48,13.8,4388828,12.27
397.48,0.0,4388900,18.01
398.48,0.0,4390172,12.27
399.47,0.0,4389632,17.99
400.48,0.0,4391868,12.27
401.48,0.0,4395532,17.98
402.47,32.6,4397068,12.29
403.47,6.0,4398484,18.0
404.47,5.7,4402724,12.31
405.47,0.0,4403684,18.01
406.48,0.0,4405668,12.34
407.47,0.0,4408716,18.03
408.49,0.0,4409880,12.36
409.48,0.0,4411612,18.04
410.48,0.0,4412548,12.38
411.48,0.0,4413728,18.03
412.48,0.0,4414624,12.39
413.5,0.0,4415860,18.04
414.48,0.0,4417516,12.43
415.48,0.0,4440392,18.06
416.48,34.6,4562072,12.46
417.49,0.0,4662848,18.1
418.51,0.0,4829908,12.53
419.49,12.4,4831464,18.18
420.5,0.0,4843016,12.61
421.51,0.0,4859592,18.28
422.5,0.0,4859676,12.67
423.5,0.0,4859728,18.32
424.5,0.0,4860252,12.71
425.5,0.0,4815528,18.38
426.5,48.3,4494676,12.76
427.49,0.0,4494300,18.4
428.5,0.0,4495352,12.79
429.51,0.0,4494488,18.43
430.51,38.3,4496044,12.81
431.51,0.0,4495944,18.45
432.5,0.0,4493760,12.83
433.51,0.0,4494940,18.46
434.5,3.5,4495472,12.85
435.51,0.0,4496892,18.48
436.51,0.0,4497964,12.87
437.51,8.4,4497852,18.47
438.5,11.7,4497652,12.89
439.51,0.0,4498816,18.47
440.51,0.0,4498260,12.91
441.51,0.0,4499088,18.47
442.51,0.0,4499300,12.93
443.52,0.0,4502612,18.48
444.53,5.0,4502628,12.94
445.51,0.0,4502556,18.49
446.51,21.6,4501836,12.97
447.51,47.0,4502328,18.51
448.52,4.7,4503500,12.99
449.51,0.0,4505676,18.52
450.52,0.0,4504724,13.01
451.52,0.0,4506516,18.53
452.52,0.0,4506596,13.03
453.52,40.2,4506632,18.55
454.52,0.0,4506744,13.06
455.52,0.0,4509016,18.57
456.52,0.0,4510188,13.08
457.52,27.4,4509952,18.58
458.53,0.0,4511348,13.1
459.53,0.0,4511084,18.59
460.54,0.0,4513432,13.12
461.53,0.0,4513700,18.59
462.54,43.0,4512288,13.13
463.54,0.0,4515320,18.58
464.53,0.0,4515000,13.13
465.53,0.0,4515952,18.58
466.53,23.8,4517060,13.15
467.53,0.0,4516700,18.59
468.55,0.0,4517972,13.16
469.54,5.8,4519568,18.6
470.54,31.1,4520328,13.18
471.55,0.0,4521520,18.6
472.54,0.0,4522832,13.19
473.54,0.0,4523244,18.6
474.55,0.0,4522692,13.2
475.54,0.0,4524356,18.6
476.56,3.5,4524004,13.21
477.54,0.0,4525056,18.59
478.55,19.4,4525952,13.22
479.55,0.0,4527768,18.61
480.55,0.0,4528524,13.24
481.54,19.9,4528128,18.61
482.55,0.0,4528384,13.26
483.55,0.0,4529344,18.61
484.56,5.9,4530536,13.27
485.55,0.0,4531832,18.61
486.55,0.0,4532092,13.29
487.55,20.3,4532532,18.62
488.56,0.0,4533880,13.31
489.56,0.0,4534372,18.64
490.57,0.0,4534072,13.32
491.56,0.0,4534744,18.63
492.57,25.2,4536924,13.34
493.58,0.0,4537648,18.62
494.58,0.0,4539168,13.34
495.56,31.7,4540472,18.61
496.57,0.0,4540900,13.35
497.57,0.0,4542016,18.62
498.56,0.0,4542252,13.37
499.57,0.0,4542848,18.62
500.58,0.0,4546104,13.38
501.57,11.5,4546688,18.61
502.58,0.0,4547732,13.38
503.57,0.0,4549304,18.59
504.57,0.0,4549492,13.39
505.58,0.0,4549484,18.59
506.57,16.9,4552468,13.4
507.57,0.0,4553800,18.59
508.57,0.0,4552740,13.42
509.58,0.0,4553772,18.59
510.58,0.0,4556152,13.42
511.58,31.5,4556552,18.61
512.58,0.0,4556516,13.44
513.58,26.3,4557072,18.61
514.58,0.0,4560080,13.45
515.58,28.4,4560624,18.61
516.58,0.0,4561592,13.47
517.58,7.4,4562972,18.62
518.58,0.0,4564128,13.49
519.6,0.9,4565016,18.63
520.59,0.0,4565328,13.5
521.58,7.3,4567248,18.63
522.59,0.0,4567952,13.52
523.6,33.0,4568972,18.64
524.59,0.0,4569220,13.53
525.59,0.0,4569476,18.64
526.59,0.0,4571612,13.55
527.59,0.0,4572220,18.64
528.59,7.9,4573960,13.55
529.59,0.0,4572788,18.64
530.59,22.7,4574696,13.57
531.59,0.0,4575408,18.64
532.59,2.1,4576380,13.59
533.61,0.0,4577232,18.63
534.59,0.0,4578996,13.6
535.6,0.0,4579460,18.63
536.61,0.0,4581528,13.61
537.6,30.8,4582900,18.63
538.6,5.1,4584268,13.63
539.6,34.3,4583752,18.63
540.62,0.0,4585192,13.63
541.6,0.0,4588380,18.63
542.61,51.5,4589788,13.65
543.61,0.0,4592412,18.63
544.61,0.0,4596172,13.66
545.6,32.8,4596104,18.65
546.61,0.0,4599796,13.68
547.61,0.0,4602092,18.66
548.61,0.0,4604280,13.7
549.61,33.2,4603044,18.67
550.61,0.0,4604496,13.72
551.62,0.0,4605232,18.68
552.62,18.4,4606664,13.73
553.63,0.0,4608688,18.68
554.62,0.0,4609744,13.75
555.61,35.2,4610660,18.69
556.62,0.0,4610856,13.77
557.62,0.0,4612948,18.71
558.62,6.1,4615368,13.79
559.62,0.0,4618616,18.72
560.62,16.3,4622172,13.81
561.62,26.4,4622996,18.73
562.64,0.0,4627488,13.83
563.64,21.7,4629200,18.74
564.63,17.3,4633172,13.85
565.64,10.9,4634384,18.74
566.63,0.0,4634500,13.86
567.63,0.0,4634512,18.75
568.63,46.5,4636024,13.87
569.63,27.6,4637196,18.77
570.63,95.5,4638752,13.9
571.63,35.7,4640744,18.77
572.63,56.0,4640876,13.92
573.63,55.8,4642652,18.8
574.64,65.9,4645208,13.94
575.65,67.8,4646576,18.81
576.65,33.6,4647224,13.95
577.65,0.0,4647268,18.8
578.65,0.0,4649108,13.96
579.65,0.0,4649672,18.8
580.64,0.0,4650924,13.96
581.64,0.0,4651412,18.8
582.64,5.5,4653644,13.98
583.64,3.1,4657872,18.81
584.64,12.8,4661592,14.0
585.64,20.6,4661704,18.83
586.64,91.6,4662260,14.03
587.66,52.9,4663684,18.83
588.65,41.9,4665348,14.05
589.66,23.5,4666412,18.84
590.66,28.7,4666884,14.06
591.67,0.0,4667020,18.85
592.65,0.0,4666784,14.08
593.67,0.0,4668948,18.87
594.65,0.0,4670080,14.1
595.67,0.0,4672116,18.89
596.67,0.0,4673944,14.12
597.66,0.0,4676328,18.89
598.66,0.0,4675704,14.13
599.66,46.8,4677572,18.89
600.67,43.7,4677888,14.14
601.66,74.4,4678928,18.9
602.68,0.0,4678732,14.15
603.67,0.0,4680592,18.9
604.68,0.0,4681388,14.16
605.67,0.0,4682568,18.91
606.68,0.0,4683212,14.18
607.68,0.0,4684984,18.93
608.67,3.4,4686844,14.2
609.68,0.0,4687804,18.94
610.67,81.8,4689380,14.23
611.67,66.6,4689528,18.94
612.67,54.8,4688952,14.25
613.67,74.8,4689024,18.95
614.68,43.7,4689408,14.27
615.69,49.0,4690564,18.96
616.68,50.6,4691764,14.29
617.69,50.5,4693752,18.98
618.68,3.8,4695620,14.31
619.68,0.0,4695092,19.0
620.68,0.0,4696636,14.32
621.68,0.0,4695884,19.0
622.69,0.0,4696152,14.33
623.68,0.0,4699808,19.0
624.71,0.0,4700336,14.32
625.7,0.0,4703268,19.0
626.68,0.0,4703208,14.34
627.69,1.1,4705792,19.01
628.68,17.1,4706188,14.36
629.69,0.0,4708016,19.02
630.69,0.0,4710168,14.37
631.69,0.0,4711204,19.03
632.69,0.0,4761268,14.4
633.71,0.0,4934684,19.05
634.7,0.9,5075072,14.44
635.7,0.0,5244336,19.12
636.7,0.0,5336676,14.51
637.7,0.0,5337556,19.18
638.7,0.0,5337652,14.56
639.7,0.0,5338008,19.25
640.71,0.0,5339640,14.61
641.71,12.7,5339948,19.29
642.7,42.7,5339736,14.65
643.71,65.9,5340200,19.33
644.71,0.0,5340996,14.69
645.71,0.0,5261476,19.37
646.72,12.7,4804516,14.73
647.71,27.0,4805456,19.38
648.72,30.2,4806880,14.74
649.71,51.4,4807128,19.37
650.71,65.6,4805884,14.75
651.71,63.4,4806364,19.37
652.72,31.9,4808644,14.76
653.71,7.3,4808992,19.37
654.71,24.9,4810132,14.77
655.71,53.8,4809724,19.38
656.73,62.7,4812024,14.78
657.71,14.6,4812344,19.38
658.72,43.8,4812260,14.79
659.72,68.3,4812700,19.38
660.73,3.6,4814260,14.8
661.72,0.0,4814912,19.38
662.73,0.0,4815488,14.81
663.72,32.5,4815988,19.36
664.72,0.0,4816540,14.81
665.72,63.7,4817700,19.36
666.73,67.6,4819888,14.82
667.72,54.3,4819516,19.36
668.73,54.2,4820104,14.84
669.73,64.4,4822152,19.37
670.73,0.0,4823756,14.85
671.74,0.0,4825144,19.38
672.73,0.0,4824884,14.87
673.73,0.0,4826452,19.4
674.73,29.5,4826660,14.89
675.73,8.3,4827092,19.42
676.73,5.7,4827968,14.9
677.74,0.0,4830520,19.43
678.73,28.3,4830828,14.91
679.75,8.0,4832536,19.44
680.74,0.0,4833824,14.93
681.74,0.0,4835288,19.46
682.74,0.0,4835812,14.94
683.75,0.0,4835756,19.45
684.75,0.0,4836052,14.95
685.75,5.7,4837156,19.45
686.76,0.0,4838436,14.97
687.74,0.0,4838784,19.45
688.76,0.0,4838380,14.98
689.76,0.0,4839948,19.45
690.75,0.0,4840560,14.99
691.76,0.0,4841756,19.46
692.75,38.5,4842948,15.0
693.76,0.0,4843720,19.45
694.76,0.0,4843948,15.02
695.75,0.0,4845184,19.45
696.75,0.0,4844564,15.03
697.76,0.0,4846700,19.46
698.77,0.0,4849268,15.05
699.75,35.1,4850360,19.46
700.76,0.0,4851480,15.06
701.76,0.0,4854384,19.47
702.75,0.0,4856444,15.08
703.77,0.0,4857176,19.49
704.77,4.2,4858736,15.09
705.78,6.0,4860676,19.5
706.77,0.0,4861248,15.11
707.78,3.0,4864528,19.51
708.78,0.0,4864320,15.13
709.76,0.0,4866532,19.51
710.78,0.0,4867076,15.13
711.77,0.0,4866152,19.5
712.77,6.0,4866452,15.13
713.77,0.0,4868808,19.49
714.77,0.0,4869992,15.15
715.76,35.8,4870796,19.5
716.78,0.0,4869528,15.15
717.78,0.0,4870564,19.5
718.77,0.0,4871636,15.16
719.77,4.7,4871828,19.5
720.77,66.9,4874192,15.17
721.78,0.0,4874732,19.5
722.78,3.0,4875008,15.18
723.77,25.2,4876568,19.49
724.79,0.0,4875912,15.18
725.79,0.0,4877504,19.49
726.78,0.0,4877932,15.19
727.78,0.0,4878072,19.49
728.79,0.0,4878376,15.2
729.79,39.3,4877992,19.49
730.78,50.5,4879888,15.21
731.78,36.8,4880524,19.49
732.79,51.7,4881960,15.21
733.79,65.7,4882360,19.48
734.79,53.3,4885204,15.22
735.79,69.8,4886592,19.49
736.79,3.7,4887356,15.23
737.79,18.4,4887264,19.51
738.79,0.0,4889084,15.24
739.8,0.0,4889888,19.51
740.8,0.0,4891700,15.25
741.8,3.9,4891936,19.52
742.79,36.0,4891416,15.26
743.8,0.0,4892940,19.52
744.8,0.0,4894868,15.28
745.8,0.0,4896312,19.53
746.8,0.0,4897204,15.29
747.8,39.6,4899112,19.54
748.81,0.0,4899384,15.3
749.82,5.9,4900148,19.54
750.81,0.0,4901976,15.31
751.81,0.0,4903424,19.54
752.81,0.0,4903772,15.32
753.81,0.0,4905632,19.54
754.81,15.7,4906616,15.33
755.81,0.0,4908060,19.55
756.81,37.5,4908112,15.34
757.81,0.0,4909804,19.55
758.81,0.0,4911648,15.34
759.81,0.0,4913364,19.55
760.81,0.0,4915300,15.35
761.82,0.0,4915512,19.54
762.83,0.0,4916560,15.36
763.82,0.0,4919104,19.54
764.82,0.0,4922476,15.37
765.82,0.0,4924144,19.54
766.83,0.0,4924496,15.38
767.83,0.0,4925216,19.55
768.84,0.0,4926508,15.4
769.84,0.0,4929248,19.55
770.83,0.0,4930684,15.41
771.83,0.0,4933120,19.55
772.83,0.0,4934132,15.42
773.83,0.0,4935816,19.56
774.85,0.0,4937464,15.43
775.83,0.0,4937952,19.56
776.85,0.0,4938652,15.44
777.85,0.0,4939408,19.56
778.84,0.0,4941584,15.44
779.84,0.0,4940868,19.56
780.85,0.0,4942176,15.45
781.85,0.0,4942592,19.56
782.83,29.3,4945648,15.47
783.84,0.0,4949532,19.56
784.84,0.0,4950632,15.48
785.85,0.0,4953024,19.56
786.84,0.0,4954704,15.5
787.84,0.0,4956768,19.57
788.85,0.0,4958472,15.51
789.84,40.1,4959544,19.58
790.85,3.1,4961380,15.53
791.85,0.0,4963336,19.59
792.86,0.0,4965200,15.54
793.85,0.0,4967532,19.6
794.85,44.3,4968352,15.56
795.85,0.0,4969376,19.61
796.85,0.0,4970832,15.57
797.85,6.3,4971056,19.61
798.85,0.0,4973504,15.58
799.85,0.0,4973696,19.61
800.87,0.0,4973436,15.59
801.85,0.0,4975492,19.61
802.86,11.6,4977728,15.59
803.87,0.0,4978572,19.62
804.86,0.0,4980876,15.61
805.86,0.0,4982584,19.63
806.86,0.0,4983784,15.62
807.86,16.9,4984444,19.63
808.86,0.0,4985588,15.63
809.87,0.0,4986484,19.63
810.88,36.9,4987504,15.64
811.86,0.0,4989172,19.63
812.87,0.0,4989092,15.65
813.87,0.0,4991728,19.65
814.87,18.1,4994456,15.66
815.87,3.4,4995560,19.66
816.87,0.0,4997084,15.67
817.89,33.5,4998064,19.67
818.87,0.0,5000516,15.69
819.87,0.0,5002548,19.67
820.88,0.0,5003524,15.7
821.88,0.0,5016620,19.69
822.88,0.0,5007256,15.72
823.89,0.0,5006588,19.68
824.88,22.4,5007376,15.73
825.88,0.0,5008160,19.67
826.89,0.0,5008668,15.73
827.9,0.0,5008872,19.67
828.88,0.0,5009976,15.73
829.88,5.9,5011408,19.68
830.89,0.0,5013348,15.74
831.88,40.2,5014540,19.68
832.89,8.2,5016728,15.75
833.9,0.0,5019748,19.67
834.9,0.0,5021364,15.75
835.89,92.7,5021480,19.67
836.89,0.0,5021700,15.75
837.9,0.0,5021712,19.67
838.89,0.0,5023828,15.76
839.92,85.6,5025608,19.68
840.89,44.1,5027276,15.78
841.89,0.0,5026912,19.68
842.9,14.3,5028432,15.79
843.9,0.0,5048904,19.69
844.9,0.0,5049412,15.81
845.9,0.0,5049736,19.71
846.9,0.0,5049308,15.83
847.9,0.0,5049556,19.73
848.91,0.0,5130352,15.86
850.21,0.0,5333760,19.78
851.24,0.0,5375608,15.87
852.19,0.0,5481596,19.82
853.23,0.0,5651552,15.91
853.91,0.0,5529164,19.89
854.91,0.0,5527204,15.94
855.91,36.9,5527692,19.91
856.91,0.0,5526772,15.96
857.91,0.0,5527380,19.93
858.92,0.0,5527368,15.98
859.93,0.0,5527044,19.96
860.94,0.0,5527332,16.01
861.93,0.0,5527396,19.98
862.93,0.0,5527556,16.04
863.92,37.6,5530440,20.05
864.93,10.0,5529920,16.07
865.93,9.9,5530804,20.07
866.94,32.9,5530388,16.09
867.94,98.2,5529928,20.1
868.94,0.0,5530536,16.12
869.94,0.0,5530072,20.13
870.95,0.0,5530208,16.15
871.94,0.0,5530044,20.16
872.94,58.5,5440620,16.18
873.95,0.0,5452148,20.22
874.95,0.0,5126492,16.2
875.96,0.0,4860024,20.23
876.95,0.0,4859380,16.23
877.94,6.6,4860464,20.22
878.94,42.4,4861080,16.23
879.94,53.6,4860148,20.21
880.94,61.6,4860888,16.22
881.94,5.7,4859264,20.2
882.95,0.0,4860032,16.22
883.95,0.0,4860128,20.19
884.96,0.0,4873640,16.25
885.96,0.0,4873572,20.21
886.96,0.0,4876760,16.26
887.96,0.0,4876416,20.23
888.94,71.9,4881920,16.27
889.96,30.7,4881072,20.24
890.96,59.3,4882248,16.27
891.95,10.5,4884828,20.24
892.96,9.8,4885100,16.28
893.95,17.4,4884196,20.23
894.95,6.1,4884844,16.27
895.95,0.0,4886352,20.24
896.95,99.0,4886244,16.29
897.97,0.0,4885528,20.24
898.97,0.0,4887100,16.28
899.95,0.0,4886764,20.26
900.95,0.0,4887364,16.28
901.95,0.0,4887724,20.27
902.95,0.0,4886612,16.28
903.96,0.0,4886312,20.28
904.96,0.0,4886444,16.28
905.96,0.0,4886416,20.3
906.96,14.9,4886736,16.29
907.97,0.0,4886804,20.31
908.97,18.8,4887044,16.3
909.96,1.0,4886804,20.32
910.96,71.8,4885888,16.29
911.96,79.4,4886132,20.34
912.98,86.1,4885504,16.29
913.97,94.1,4886264,20.32
914.98,48.3,4886652,16.28
915.97,16.3,4886880,20.33
916.97,0.0,4886560,16.28
917.97,0.0,4886032,20.32
918.97,0.0,4886072,16.28
919.97,2.5,4886384,20.33
920.97,24.1,4887228,16.3
921.97,27.3,4886252,20.34
922.97,0.0,4886096,16.3
923.99,5.8,4887068,20.32
924.98,40.3,4886972,16.31
925.98,0.0,4886344,20.34
926.99,0.0,4887392,16.31
927.98,13.7,4888016,20.35
928.99,0.0,4887684,16.31
929.98,0.0,4886868,20.33
930.99,0.0,4888800,16.31
931.98,0.0,4889128,20.34
932.99,0.0,4888200,16.33
933.98,0.9,4887840,20.33
934.99,15.3,4888048,16.32
935.99,0.0,4887144,20.34
936.99,0.0,4887352,16.33
938.0,59.8,4887324,20.35
939.01,0.0,4887916,16.35
940.01,0.0,4887572,20.36
941.01,0.0,4888828,16.37
942.0,0.0,4889152,20.37
943.01,0.0,4887996,16.4
944.02,0.0,4887604,20.38
945.01,0.0,4889240,16.42
946.01,0.0,4889208,20.39
947.0,36.8,4889736,16.44
948.01,42.1,4889412,20.4
949.02,6.0,4892040,16.46
950.0,0.0,4891932,20.41
951.01,1.9,4892064,16.45
952.01,28.6,4891920,20.4
953.01,45.6,4890544,16.46
954.01,14.8,4889488,20.42
955.02,0.0,4889876,16.48
956.02,0.0,4890104,20.42
957.01,0.0,4892436,16.5
958.01,5.6,4894452,20.44
959.0,34.9,4894604,16.51
960.01,5.9,4893348,20.42
961.02,0.0,4893972,16.51
962.03,0.0,4895328,20.43
963.03,68.2,4894760,16.51
964.03,0.0,4894784,20.42
965.03,49.0,4895404,16.5
966.05,7.7,4896148,20.4
967.04,0.0,4895548,16.5
968.02,0.0,4895588,20.4
969.02,0.0,4895860,16.5
970.02,0.0,4894580,20.4
971.03,0.0,4895060,16.5
972.05,0.0,4895380,20.39
973.04,6.9,4896056,16.52
974.03,52.2,4896692,20.41
975.04,0.0,4895408,16.52
976.05,0.0,4894920,20.39
977.04,0.0,4896132,16.52
978.03,0.0,4897096,20.41
979.03,0.0,4896660,16.53
980.03,5.7,4897232,20.4
981.04,9.2,4895588,16.55
982.04,0.0,4896072,20.39
983.05,0.0,4896256,16.56
984.04,4.9,4896120,20.39
985.04,0.0,4896540,16.57
986.04,0.0,4897208,20.4
987.04,0.0,4897764,16.57
988.05,27.1,4896508,20.41
989.04,30.1,4897672,16.59
990.04,38.2,4897068,20.42
991.04,10.0,4897372,16.6
992.05,0.0,4898592,20.43
993.04,0.0,4897996,16.61
994.04,57.6,4898564,20.44
995.05,5.9,4897928,16.62
996.05,0.0,4899536,20.45
997.05,0.0,4899828,16.63
998.06,8.8,4898860,20.45
999.05,0.0,4900656,16.64
1000.05,16.8,4900604,20.45
1001.05,44.7,4901344,16.64
1002.06,47.7,4903224,20.45
1003.06,0.0,4902372,16.65
1004.06,0.0,4904652,20.46
1005.05,35.2,4903440,16.66
1006.06,46.4,4903824,20.46
1007.06,36.5,4904936,16.67
1008.06,9.8,4905600,20.47
1009.06,3.6,4905568,16.68
1010.06,0.0,4907152,20.48
1011.06,0.0,4907616,16.7
1012.07,0.0,4908808,20.48
1013.06,43.9,4909760,16.71
1014.08,0.0,4910064,20.48
1015.06,0.0,4911068,16.71
1016.09,4.1,4910372,20.48
1017.08,0.0,4911652,16.73
1018.07,79.5,4913856,20.49
1019.07,82.9,4913788,16.74
1020.07,77.7,4913036,20.5
1021.07,34.4,4912096,16.75
1022.07,0.0,4914080,20.51
1023.07,0.0,4914064,16.75
1024.09,20.4,4914888,20.5
1025.08,28.5,4917200,16.75
1026.07,0.0,4919284,20.5
1027.08,0.0,4920316,16.76
1028.08,0.0,4920032,20.5
1029.08,17.2,4920768,16.77
1030.1,85.4,4922204,20.5
1031.08,63.4,4923384,16.77
1032.08,33.5,4923928,20.5
1033.09,54.1,4923352,16.77
1034.1,45.7,4925496,20.5
1035.1,56.4,4925348,16.77
1036.1,24.3,4925592,20.5
1037.09,72.4,4926096,16.78
1038.09,18.5,4927528,20.5
1039.09,56.6,4928652,16.78
1040.09,77.9,4929772,20.51
1041.1,57.7,4930408,16.79
1042.09,50.3,4931160,20.52
1043.09,42.0,4932324,16.8
1044.1,70.8,4933332,20.52
1045.1,0.0,4933980,16.81
1046.09,0.0,4936232,20.52
1047.1,0.0,4936700,16.82
1048.11,0.0,4939788,20.52
1049.1,0.0,4939616,16.83
1050.1,0.0,4941260,20.52
1051.11,33.2,4941696,16.83
1052.11,57.2,4942868,20.52
1053.12,11.0,4944592,16.84
1054.1,6.3,4944664,20.51
1055.1,0.0,4945096,16.84
1056.11,0.0,4944796,20.51
1057.11,0.0,4945996,16.85
1058.12,0.0,4948088,20.51
1059.11,0.0,4948740,16.85
1060.11,0.0,4948428,20.5
1061.11,0.0,4949632,16.85
1062.13,0.0,4949748,20.49
1063.12,0.0,4950456,16.85
1064.13,0.0,4951620,20.49
1065.11,0.0,4953060,16.86
1066.12,0.0,4954744,20.49
1067.12,0.0,4956784,16.86
1068.11,0.0,4958124,20.49
1069.12,0.0,4959356,16.87
1070.12,0.0,4959136,20.5
1071.12,0.0,4960344,16.88
1072.12,0.0,4961536,20.5
1073.14,0.0,4963572,16.88
1074.12,0.0,4963928,20.5
1075.13,0.0,4964700,16.89
1076.13,0.0,4966904,20.5
1077.13,0.0,4968592,16.89
1078.13,0.0,4968972,20.5
1079.13,0.0,4969472,16.9
1080.13,0.0,4972012,20.5
1081.14,0.0,4973396,16.9
1082.13,0.0,4976348,20.5
1083.13,0.0,4977088,16.91
1084.15,0.0,4978264,20.5
1085.14,0.0,4979340,16.91
1086.14,0.0,4980128,20.5
1087.14,0.0,4982912,16.92
1088.15,3.7,4983316,20.5
1089.15,0.0,4983240,16.92
1090.14,0.0,4984524,20.51
1091.16,3.8,4984956,16.93
1092.16,0.0,4986752,20.5
1093.14,0.0,4987632,16.93
1094.15,0.0,4987084,20.5
1095.15,0.0,4987444,16.93
1096.16,0.0,4988728,20.5
1097.15,0.0,4991792,16.94
1098.16,0.0,4992848,20.5
1099.16,0.0,4994480,16.94
1100.17,0.0,4995188,20.5
1101.16,0.0,4994344,16.95
1102.16,0.0,4996308,20.5
1103.16,0.0,4998784,16.96
1104.16,0.0,4998840,20.5
1105.16,0.0,5000680,16.96
1106.16,0.0,5002416,20.5
1107.16,41.4,5004088,16.96
1108.16,31.2,5004816,20.5
1109.16,7.7,5007476,16.98
1110.16,7.5,5008540,20.5
1111.17,0.0,5010208,16.98
1112.16,0.0,5010932,20.5
1113.17,0.0,5012680,16.98
1114.17,0.0,5013528,20.5
1115.18,0.0,5012696,16.99
1116.16,0.0,5014528,20.5
1117.17,72.9,5014928,16.99
1118.17,0.0,5016188,20.5
1119.18,0.0,5017284,16.99
1120.18,35.0,5017968,20.5
1121.19,1.1,5019048,16.99
1122.19,0.0,5020356,20.49
1123.19,0.0,5021684,16.99
1124.19,0.0,5021356,20.48
1125.18,0.0,5023204,16.99
1126.17,0.0,5024460,20.47
1127.19,16.2,5025812,16.99
1128.19,0.0,5027208,20.46
1129.2,4.5,5027820,16.99
1130.18,46.6,5028640,20.45
1131.2,33.4,5030264,16.99
1132.18,5.1,5032812,20.45
1133.18,0.0,5033184,16.99
1134.2,0.0,5033968,20.45
1135.19,0.0,5035908,16.99
1136.18,0.0,5039636,20.45
1137.2,0.0,5040884,17.0
1138.2,95.2,5043608,20.46
1139.21,0.0,5046640,17.02
1140.2,0.0,5047360,20.48
1141.21,48.6,5046936,17.03
1142.21,0.0,5048352,20.49
1143.21,0.0,5049280,17.04
1144.19,0.0,5049680,20.5
1145.2,3.3,5115104,17.06
1146.2,8.4,5233000,20.53
1147.48,0.0,5446000,17.09
1148.24,0.0,5537948,20.57
1149.21,53.6,5550960,17.13
1150.21,0.0,5733784,20.59
1151.22,26.5,5816744,17.14
1152.21,0.0,5840308,20.61
1153.22,0.0,5842076,17.18
1154.21,0.0,5842052,20.64
1155.21,0.0,5843788,17.22
1156.21,0.0,5845096,20.68
1157.22,0.0,5845628,17.25
1158.22,0.0,5840132,20.72
1159.22,7.5,5842764,17.27
1160.21,89.1,5845280,20.76
1161.22,0.0,5845716,17.31
1162.22,0.0,5846528,20.8
1163.22,7.2,5847300,17.34
1164.22,0.0,5849976,20.84
1165.22,53.4,5850212,17.37
1166.23,0.0,5849464,20.88
1167.23,0.0,5854152,17.39
1168.24,0.0,5866812,20.85
1169.25,0.0,3448680,17.37
1170.23,0.0,2426472,20.82
1171.24,0.0,2425976,17.35
